Sample	Number Unstable Loci	Number Loci Called	Proportion Unstable Loci	MOSAIC classification	Cancer Type	MSI-PCR Result
TCGA-CR-7389	929	213483	0.00435163455638154	MSS	HNSC	
TCGA-CR-7390	854	216860	0.0039380245319561	MSS	HNSC	
TCGA-CR-7391	845	214674	0.00393620093723506	MSS	HNSC	
TCGA-CR-7392	1037	238375	0.00435028841111694	MSS	HNSC	
TCGA-CR-7393	900	217439	0.00413909188324082	MSS	HNSC	
TCGA-CR-7394	750	211858	0.00354010705283728	MSS	HNSC	
TCGA-CR-7395	830	212833	0.00389977118210052	MSS	HNSC	
TCGA-CR-7397	784	216572	0.00362004321888333	MSS	HNSC	
TCGA-CR-7398	808	208015	0.00388433526428383	MSS	HNSC	
TCGA-CR-7399	884	208929	0.00423110243192664	MSS	HNSC	
TCGA-CR-7401	821	219871	0.00373400766813268	MSS	HNSC	
TCGA-CR-7402	917	221906	0.00413238037727686	MSS	HNSC	
TCGA-CR-7404	797	211024	0.00377682159375237	MSS	HNSC	
TCGA-CV-5430	429	192638	0.00222697494782961	MSS	HNSC	
TCGA-CV-5432	424	188197	0.00225295833621152	MSS	HNSC	
TCGA-CV-5434	462	193494	0.00238767093553288	MSS	HNSC	
TCGA-CV-5435	455	203687	0.00223381953683838	MSS	HNSC	
TCGA-CV-5436	493	224392	0.00219704802310243	MSS	HNSC	
TCGA-CV-5966	402	190866	0.00210618968281412	MSS	HNSC	
TCGA-CV-5970	409	193864	0.00210972640614039	MSS	HNSC	
TCGA-CV-6933	689	209753	0.00328481595018903	MSS	HNSC	
TCGA-CV-6934	693	202573	0.0034209889768133	MSS	HNSC	
TCGA-CV-6935	751	200412	0.00374728060195996	MSS	HNSC	
TCGA-CV-6936	692	185492	0.00373061911025812	MSS	HNSC	
TCGA-CV-6937	779	214665	0.00362891016234598	MSS	HNSC	
TCGA-CV-6938	765	210539	0.00363353107975244	MSS	HNSC	
TCGA-CV-6939	720	199731	0.0036048485212611	MSS	HNSC	
TCGA-CV-6940	826	209497	0.00394277722354019	MSS	HNSC	
TCGA-CV-6941	696	191847	0.0036278909756212	MSS	HNSC	
TCGA-CV-6942	764	205268	0.00372196348188709	MSS	HNSC	
TCGA-CV-6943	675	205091	0.00329122194538034	MSS	HNSC	
TCGA-CV-6945	738	202217	0.00364954479593704	MSS	HNSC	
TCGA-CV-6948	731	199838	0.00365796294998949	MSS	HNSC	
TCGA-CV-6950	768	202442	0.00379367917724583	MSS	HNSC	
TCGA-CV-6951	693	192756	0.00359521882587312	MSS	HNSC	
TCGA-CV-6952	686	193703	0.00354150426167896	MSS	HNSC	
TCGA-CV-6953	757	208908	0.00362360464893637	MSS	HNSC	
TCGA-CV-6954	747	206750	0.0036130592503023	MSS	HNSC	
TCGA-CV-6955	697	208957	0.00333561450441957	MSS	HNSC	
TCGA-CV-6956	677	203692	0.00332364550399623	MSS	HNSC	
TCGA-CV-6959	757	208127	0.00363720228514321	MSS	HNSC	
TCGA-CV-6960	665	196449	0.00338510249479509	MSS	HNSC	
TCGA-CV-6961	754	200679	0.00375724415609007	MSS	HNSC	
TCGA-CV-6962	635	196909	0.00322483990066477	MSS	HNSC	
TCGA-CV-7089	792	210872	0.00375583292234152	MSS	HNSC	
TCGA-CV-7090	790	204099	0.00387067060593144	MSS	HNSC	
TCGA-CV-7091	808	209276	0.00386093006364801	MSS	HNSC	
TCGA-CV-7095	697	198825	0.00350559537281529	MSS	HNSC	
TCGA-CV-7097	850	207124	0.0041038218651629	MSS	HNSC	
TCGA-CV-7099	819	205487	0.00398565359365799	MSS	HNSC	
TCGA-CV-7100	816	209802	0.00388938141676438	MSS	HNSC	
TCGA-CV-7101	872	210315	0.00414616170981623	MSS	HNSC	
TCGA-CV-7102	939	221056	0.00424779241459178	MSS	HNSC	
TCGA-CV-7103	873	217418	0.00401530692031019	MSS	HNSC	
TCGA-CV-7104	917	224038	0.00409305564234639	MSS	HNSC	
TCGA-CV-7177	781	207941	0.00375587306014687	MSS	HNSC	
TCGA-CV-7178	842	217222	0.00387621879920082	MSS	HNSC	
TCGA-CV-7180	764	206781	0.00369473017346855	MSS	HNSC	
TCGA-CV-7183	885	215946	0.0040982467839182	MSS	HNSC	
TCGA-CV-7235	731	205346	0.0035598453342164	MSS	HNSC	
TCGA-CV-7236	860	228420	0.00376499430872953	MSS	HNSC	
TCGA-CV-7238	967	217164	0.00445285590613546	MSS	HNSC	
TCGA-CV-7242	892	213198	0.00418390416420417	MSS	HNSC	
TCGA-CV-7243	959	232767	0.00411999982815433	MSS	HNSC	
TCGA-CV-7245	903	220828	0.00408915536073324	MSS	HNSC	
TCGA-CV-7247	833	213960	0.00389325107496728	MSS	HNSC	
TCGA-CV-7248	768	211295	0.00363472869684564	MSS	HNSC	
TCGA-CV-7250	865	210583	0.00410764401684846	MSS	HNSC	
TCGA-CV-7252	955	230964	0.0041348435253979	MSS	HNSC	
TCGA-CV-7253	676	206392	0.00327532074886624	MSS	HNSC	
TCGA-CV-7254	863	214084	0.00403112796846098	MSS	HNSC	
TCGA-CV-7255	797	212568	0.0037493884309962	MSS	HNSC	
TCGA-CV-7261	889	210299	0.00422731444276958	MSS	HNSC	
TCGA-CV-7263	961	229387	0.00418942660220501	MSS	HNSC	
TCGA-CV-7406	674	196406	0.00343166705701455	MSS	HNSC	
TCGA-CV-7407	650	185161	0.00351045846587564	MSS	HNSC	
TCGA-CV-7410	836	197100	0.00424150177574835	MSS	HNSC	
TCGA-CV-7411	644	190136	0.00338704926999621	MSS	HNSC	
TCGA-CV-7413	605	183838	0.00329094093712943	MSS	HNSC	
TCGA-CV-7414	627	184340	0.00340132364109797	MSS	HNSC	
TCGA-CV-7415	685	184088	0.00372104645604276	MSS	HNSC	
TCGA-CV-7416	547	173506	0.0031526287275368	MSS	HNSC	
TCGA-CV-7418	610	184076	0.00331384862774072	MSS	HNSC	
TCGA-CV-7421	714	181834	0.00392665838072088	MSS	HNSC	
TCGA-CV-7422	750	200259	0.00374515003071023	MSS	HNSC	
TCGA-CV-7423	564	176437	0.00319660842113616	MSS	HNSC	
TCGA-CV-7424	953	210994	0.00451671611515019	MSS	HNSC	
TCGA-CV-7425	672	180957	0.00371358941627016	MSS	HNSC	
TCGA-CV-7427	661	188763	0.0035017455751392	MSS	HNSC	
TCGA-CV-7429	821	223515	0.00367313155716619	MSS	HNSC	
TCGA-CV-7430	1150	223845	0.00513748352654739	MSS	HNSC	
TCGA-CV-7432	921	227529	0.00404783566050921	MSS	HNSC	
TCGA-CV-7433	1192	222098	0.00536700015308557	MSS	HNSC	
TCGA-CV-7434	547	200530	0.0027277714057747	MSS	HNSC	
TCGA-CV-7435	892	225297	0.0039592182763197	MSS	HNSC	
TCGA-CV-7437	849	218804	0.00388018500575858	MSS	HNSC	
TCGA-CV-7438	830	215593	0.00384984670188735	MSS	HNSC	
TCGA-CV-7440	784	214546	0.00365422799772543	MSS	HNSC	
TCGA-CV-7446	825	212822	0.0038764789354484	MSS	HNSC	
TCGA-CV-7568	841	203643	0.00412977612783155	MSS	HNSC	
TCGA-CV-A45O	522	161062	0.00324098794253145	MSS	HNSC	
TCGA-CV-A45P	576	171209	0.00336430911926359	MSS	HNSC	
TCGA-CV-A45Q	563	155137	0.00362905045218098	MSS	HNSC	
TCGA-CV-A45R	981	214553	0.00457229682176432	MSS	HNSC	
TCGA-CV-A45T	579	144470	0.00400775247456219	MSS	HNSC	
TCGA-CV-A45U	640	174525	0.00366709640452657	MSS	HNSC	
TCGA-CV-A45V	843	201854	0.00417628583035263	MSS	HNSC	
TCGA-CV-A45W	1009	222249	0.00453995293567125	MSS	HNSC	
TCGA-CV-A45X	811	190315	0.00426135617266111	MSS	HNSC	
TCGA-CV-A45Y	841	206247	0.0040776350686313	MSS	HNSC	
TCGA-CV-A45Z	752	178277	0.00421815489378888	MSS	HNSC	
TCGA-CV-A460	562	175067	0.00321019952361096	MSS	HNSC	
TCGA-CV-A461	1281	263856	0.00485492086592687	MSS	HNSC	
TCGA-CV-A463	1316	264926	0.00496742486581159	MSS	HNSC	
TCGA-CV-A464	1347	256957	0.00524212222278436	MSS	HNSC	
TCGA-CV-A465	1537	272468	0.00564102940528796	MSS	HNSC	
TCGA-CV-A468	1127	247019	0.00456240208243091	MSS	HNSC	
TCGA-CV-A6JD	779	199442	0.00390589745389637	MSS	HNSC	
TCGA-CV-A6JE	688	184980	0.00371932100767651	MSS	HNSC	
TCGA-CV-A6JM	790	204520	0.00386270291414043	MSS	HNSC	
TCGA-CV-A6JN	962	212414	0.00452889169263796	MSS	HNSC	
TCGA-CV-A6JO	1270	238667	0.00532122161840556	MSS	HNSC	
TCGA-CV-A6JT	822	203424	0.00404082114204814	MSS	HNSC	
TCGA-CV-A6JU	689	187724	0.00367028190321962	MSS	HNSC	
TCGA-CV-A6JY	828	191374	0.00432660654007336	MSS	HNSC	
TCGA-CV-A6JZ	831	205319	0.0040473604488625	MSS	HNSC	
TCGA-CV-A6K0	791	196530	0.0040248308146339	MSS	HNSC	
TCGA-CV-A6K1	1316	200973	0.00654814328292855	MSS	HNSC	
TCGA-CV-A6K2	842	205949	0.00408839081520182	MSS	HNSC	
TCGA-CX-7082	726	200853	0.00361458380009261	MSS	HNSC	
TCGA-CX-7085	782	204569	0.00382267107919577	MSS	HNSC	
TCGA-CX-7086	578	172027	0.00335993768420074	MSS	HNSC	
TCGA-CX-7219	872	222867	0.00391264745341392	MSS	HNSC	
TCGA-CX-A4AQ	804	205315	0.00391593405255339	MSS	HNSC	
TCGA-D6-6515	858	211518	0.00405639236377046	MSS	HNSC	
TCGA-D6-6516	934	216027	0.00432353363237003	MSS	HNSC	
TCGA-D6-6517	905	213588	0.00423712942674682	MSS	HNSC	
TCGA-D6-6823	775	199873	0.00387746218848969	MSS	HNSC	
TCGA-D6-6824	788	199816	0.00394362813788686	MSS	HNSC	
TCGA-D6-6825	730	199388	0.00366120328204305	MSS	HNSC	
TCGA-D6-6826	693	197391	0.00351079836466708	MSS	HNSC	
TCGA-D6-6827	743	201443	0.00368838827857012	MSS	HNSC	
TCGA-D6-8568	764	228408	0.00334489159749221	MSS	HNSC	
TCGA-D6-8569	867	215818	0.00401727381404702	MSS	HNSC	
TCGA-D6-A4Z9	892	205338	0.00434405711558504	MSS	HNSC	
TCGA-D6-A4ZB	808	197415	0.00409290074209153	MSS	HNSC	
TCGA-D6-A6EK	912	202834	0.00449628760464222	MSS	HNSC	
TCGA-D6-A6EM	736	184217	0.00399528816558732	MSS	HNSC	
TCGA-D6-A6EN	712	182513	0.00390109197700986	MSS	HNSC	
TCGA-D6-A6EO	765	199567	0.00383329909253534	MSS	HNSC	
TCGA-D6-A6EP	692	186597	0.00370852693237298	MSS	HNSC	
TCGA-D6-A6EQ	834	201382	0.00414138304317168	MSS	HNSC	
TCGA-D6-A6ES	881	207621	0.00424330872117946	MSS	HNSC	
TCGA-D6-A74Q	1207	237543	0.00508118530118757	MSS	HNSC	
TCGA-DQ-5624	1057	214005	0.0049391369360529	MSS	HNSC	
TCGA-DQ-5625	898	214121	0.00419389037039805	MSS	HNSC	
TCGA-DQ-5629	905	210543	0.00429840935105893	MSS	HNSC	
TCGA-DQ-5630	1008	223350	0.00451309603760913	MSS	HNSC	
TCGA-DQ-5631	925	216260	0.00427725885508185	MSS	HNSC	
TCGA-DQ-7588	656	184597	0.00355368722135246	MSS	HNSC	
TCGA-DQ-7591	533	171291	0.00311166377684759	MSS	HNSC	
TCGA-DQ-7592	592	179554	0.00329705826659389	MSS	HNSC	
TCGA-DQ-7593	893	205727	0.00434070394260355	MSS	HNSC	
TCGA-DQ-7596	767	193867	0.00395632057028788	MSS	HNSC	
TCGA-F7-7848	1237	216293	0.00571909400674086	MSS	HNSC	
TCGA-F7-8298	867	199336	0.00434944014126901	MSS	HNSC	
TCGA-F7-8489	934	220307	0.00423953846223679	MSS	HNSC	
TCGA-F7-A50G	956	220896	0.00432782848037085	MSS	HNSC	
TCGA-F7-A50I	852	206649	0.00412293308944152	MSS	HNSC	
TCGA-F7-A50J	791	204463	0.00386867061522134	MSS	HNSC	
TCGA-F7-A61S	897	214689	0.00417813674664282	MSS	HNSC	
TCGA-F7-A61V	839	209957	0.00399605633534486	MSS	HNSC	
TCGA-F7-A61W	730	198111	0.00368480296399493	MSS	HNSC	
TCGA-F7-A620	480	174780	0.00274630964641263	MSS	HNSC	
TCGA-F7-A622	573	179538	0.00319152491394579	MSS	HNSC	
TCGA-F7-A623	563	185353	0.00303744746510712	MSS	HNSC	
TCGA-F7-A624	2832	229338	0.0123485859299375	MSI-H	HNSC	
TCGA-H7-7774	544	176221	0.00308703276000023	MSS	HNSC	
TCGA-H7-8501	878	227368	0.00386158122515042	MSS	HNSC	
TCGA-H7-8502	669	156707	0.00426911369626118	MSS	HNSC	
TCGA-H7-A6C4	856	219118	0.00390657088874488	MSS	HNSC	
TCGA-H7-A6C5	991	232206	0.00426776224559228	MSS	HNSC	
TCGA-H7-A76A	1468	272359	0.005389944888915	MSS	HNSC	
TCGA-HD-7229	840	218517	0.00384409450980931	MSS	HNSC	
TCGA-HD-7753	713	190443	0.00374390237498884	MSS	HNSC	
TCGA-HD-7754	678	174563	0.0038839845786335	MSS	HNSC	
TCGA-HD-7831	785	201885	0.00388835227976323	MSS	HNSC	
TCGA-HD-7832	779	217234	0.00358599482585599	MSS	HNSC	
TCGA-HD-8224	820	213465	0.0038413791488066	MSS	HNSC	
TCGA-HD-8314	787	195921	0.00401692518923444	MSS	HNSC	
TCGA-HD-8634	826	191810	0.00430634482039518	MSS	HNSC	
TCGA-HD-8635	873	179988	0.00485032335489033	MSS	HNSC	
TCGA-HD-A4C1	707	195171	0.00362246440301069	MSS	HNSC	
TCGA-HD-A633	670	192110	0.00348758523762428	MSS	HNSC	
TCGA-HD-A634	942	224994	0.00418677831408838	MSS	HNSC	
TCGA-HD-A6HZ	695	186708	0.00372239004220494	MSS	HNSC	
TCGA-HD-A6I0	770	194287	0.00396320906699882	MSS	HNSC	
TCGA-IQ-7630	676	189564	0.00356607794728957	MSS	HNSC	
TCGA-IQ-7631	601	179356	0.00335087758424586	MSS	HNSC	
TCGA-IQ-7632	671	183193	0.00366280370974874	MSS	HNSC	
TCGA-IQ-A61E	949	227826	0.00416545960513725	MSS	HNSC	
TCGA-IQ-A61G	849	211724	0.00400993746575731	MSS	HNSC	
TCGA-IQ-A61H	1061	245112	0.0043286334410392	MSS	HNSC	
TCGA-IQ-A61I	818	205774	0.00397523496651666	MSS	HNSC	
TCGA-IQ-A61J	891	228622	0.00389726273062085	MSS	HNSC	
TCGA-IQ-A61K	801	219566	0.00364810580873177	MSS	HNSC	
TCGA-IQ-A61L	959	229370	0.00418101756986528	MSS	HNSC	
TCGA-IQ-A61O	1030	237034	0.00434536817502974	MSS	HNSC	
TCGA-IQ-A6SG	1476	254882	0.00579091501165245	MSS	HNSC	
TCGA-IQ-A6SH	1329	261767	0.00507703415632987	MSS	HNSC	
TCGA-KU-A66S	993	219983	0.00451398517158144	MSS	HNSC	
TCGA-KU-A66T	892	223816	0.00398541659220074	MSS	HNSC	
TCGA-KU-A6H7	890	203668	0.00436985682581456	MSS	HNSC	
TCGA-KU-A6H8	1474	262202	0.0056216199723877	MSS	HNSC	
TCGA-MT-A51W	1485	262312	0.00566119735277075	MSS	HNSC	
TCGA-MT-A51X	1266	245281	0.00516142709789996	MSS	HNSC	
TCGA-MT-A67A	950	231872	0.00409708804857853	MSS	HNSC	
TCGA-MT-A67D	906	218408	0.0041481996996447	MSS	HNSC	
TCGA-MT-A67F	1003	241574	0.00415193688062457	MSS	HNSC	
TCGA-MT-A67G	976	224802	0.00434159838435601	MSS	HNSC	
TCGA-MT-A7BN	1404	249409	0.00562930768336347	MSS	HNSC	
TCGA-MZ-A5BI	1486	268263	0.00553934012517567	MSS	HNSC	
TCGA-MZ-A6I9	823	199410	0.00412717516674189	MSS	HNSC	
TCGA-MZ-A7D7	1473	265778	0.00554221944630481	MSS	HNSC	
TCGA-BA-4074	1105	284043	0.00389025605278074	MSS	HNSC	
TCGA-BA-4075	1059	278391	0.00380400228455661	MSS	HNSC	
TCGA-BA-4076	1047	273220	0.00383207671473538	MSS	HNSC	
TCGA-BA-4077	998	277522	0.00359611129928438	MSS	HNSC	
TCGA-BA-4078	954	271726	0.0035108896461877	MSS	HNSC	
TCGA-BA-5149	1248	291513	0.00428111267765074	MSS	HNSC	
TCGA-BA-5151	1152	289511	0.00397912341845388	MSS	HNSC	
TCGA-BA-5152	1027	236355	0.00434515876541643	MSS	HNSC	
TCGA-BA-5153	1066	287602	0.00370651108128594	MSS	HNSC	
TCGA-BA-5555	916	286060	0.00320212542823184	MSS	HNSC	
TCGA-BA-5556	1259	286348	0.00439674801290737	MSS	HNSC	
TCGA-BA-5557	882	246265	0.00358150772541774	MSS	HNSC	
TCGA-BA-5558	1082	274948	0.00393528958203006	MSS	HNSC	
TCGA-BA-5559	1087	270175	0.00402331821967243	MSS	HNSC	
TCGA-BA-6868	748	204028	0.00366616346775933	MSS	HNSC	
TCGA-BA-6869	993	224973	0.00441386299689296	MSS	HNSC	
TCGA-BA-6870	1088	229654	0.00473756172328808	MSS	HNSC	
TCGA-BA-6871	861	208544	0.00412862513426423	MSS	HNSC	
TCGA-BA-6872	853	216004	0.00394900094442696	MSS	HNSC	
TCGA-BA-6873	1026	230348	0.00445413027245733	MSS	HNSC	
TCGA-BA-7269	714	196349	0.00363638215626257	MSS	HNSC	
TCGA-BA-A4IF	1278	240303	0.00531828566434876	MSS	HNSC	
TCGA-BA-A4IG	1206	243429	0.0049542166299003	MSS	HNSC	
TCGA-BA-A4IH	1235	248438	0.00497105917774253	MSS	HNSC	
TCGA-BA-A4II	1079	236285	0.00456651924582602	MSS	HNSC	
TCGA-P3-A5Q5	633	186766	0.00338926785389204	MSS	HNSC	
TCGA-P3-A5Q6	795	204627	0.00388511779970385	MSS	HNSC	
TCGA-P3-A5QA	801	213885	0.00374500315590154	MSS	HNSC	
TCGA-P3-A5QE	570	186042	0.00306382429773922	MSS	HNSC	
TCGA-P3-A5QF	929	227235	0.00408827865425661	MSS	HNSC	
TCGA-P3-A6SW	1217	242337	0.0050219322678749	MSS	HNSC	
TCGA-P3-A6SX	1208	251986	0.00479391712237981	MSS	HNSC	
TCGA-P3-A6T0	1312	255419	0.00513665780540993	MSS	HNSC	
TCGA-P3-A6T2	1410	257827	0.00546878333145869	MSS	HNSC	
TCGA-P3-A6T3	1364	264148	0.00516377182488605	MSS	HNSC	
TCGA-P3-A6T4	1210	252675	0.00478876026516276	MSS	HNSC	
TCGA-P3-A6T5	1298	247084	0.00525327419015396	MSS	HNSC	
TCGA-P3-A6T6	1135	239947	0.00473021125498548	MSS	HNSC	
TCGA-P3-A6T7	1026	240089	0.00427341527516879	MSS	HNSC	
TCGA-P3-A6T8	1220	229380	0.00531868515127736	MSS	HNSC	
TCGA-QK-A64Z	978	226253	0.00432259461752993	MSS	HNSC	
TCGA-QK-A652	845	221970	0.00380682074154165	MSS	HNSC	
TCGA-QK-A6IF	812	196376	0.00413492483806575	MSS	HNSC	
TCGA-QK-A6IG	931	209426	0.00444548432381844	MSS	HNSC	
TCGA-QK-A6IH	722	188459	0.00383107201035769	MSS	HNSC	
TCGA-QK-A6II	803	194400	0.00413065843621399	MSS	HNSC	
TCGA-QK-A6IJ	873	205778	0.00424243602328723	MSS	HNSC	
TCGA-QK-A6V9	1502	267516	0.00561461744344264	MSS	HNSC	
TCGA-QK-A6VB	2360	252292	0.00935424032470312	MSI-H	HNSC	
TCGA-QK-A6VC	1369	253915	0.00539156804442432	MSS	HNSC	
TCGA-RS-A6TO	1400	251832	0.00555926173004225	MSS	HNSC	
TCGA-RS-A6TP	1202	248245	0.0048419907752422	MSS	HNSC	
TCGA-T2-A6WX	1523	267092	0.00570215506267503	MSS	HNSC	
TCGA-T2-A6WZ	1388	262553	0.00528655166766329	MSS	HNSC	
TCGA-T2-A6X0	1328	251240	0.00528578251870721	MSS	HNSC	
TCGA-T2-A6X2	1465	271106	0.0054037903993272	MSS	HNSC	
TCGA-TN-A7HI	1378	253667	0.0054323187485956	MSS	HNSC	
TCGA-TN-A7HJ	1325	262851	0.00504087867270811	MSS	HNSC	
TCGA-TN-A7HL	875	201530	0.00434178534213268	MSS	HNSC	
TCGA-UF-A718	1332	257943	0.00516393156627627	MSS	HNSC	
TCGA-UF-A719	1283	256726	0.00499754602182872	MSS	HNSC	
TCGA-UF-A71A	1384	254055	0.00544763929070477	MSS	HNSC	
TCGA-UF-A71B	1449	268831	0.00539000338502628	MSS	HNSC	
TCGA-UF-A71D	1281	255021	0.00502311574340937	MSS	HNSC	
TCGA-UF-A71E	1343	252579	0.00531714829815622	MSS	HNSC	
TCGA-UF-A7J9	910	213202	0.00426825264303337	MSS	HNSC	
TCGA-UF-A7JA	1243	253999	0.00489372005401596	MSS	HNSC	
TCGA-UF-A7JC	1251	258461	0.00484018865515494	MSS	HNSC	
TCGA-UF-A7JD	1275	250467	0.00509049096288134	MSS	HNSC	
TCGA-UF-A7JF	1201	246645	0.00486934663179874	MSS	HNSC	
TCGA-UF-A7JH	1140	231214	0.00493049728822649	MSS	HNSC	
TCGA-UF-A7JJ	1085	235799	0.00460137659616877	MSS	HNSC	
TCGA-UF-A7JK	1291	246635	0.00523445577472784	MSS	HNSC	
TCGA-UF-A7JO	1216	251104	0.00484261501210654	MSS	HNSC	
TCGA-UF-A7JS	1175	244515	0.00480543115964256	MSS	HNSC	
TCGA-UF-A7JT	1218	239638	0.00508266635508559	MSS	HNSC	
TCGA-UF-A7JV	1250	247161	0.00505743220006393	MSS	HNSC	
TCGA-UP-A6WW	1163	229150	0.00507527820205106	MSS	HNSC	
TCGA-WA-A7GZ	1165	238649	0.00488164626711195	MSS	HNSC	
TCGA-WA-A7H4	1300	257084	0.0050567129809712	MSS	HNSC	
TCGA-BA-A6D8	956	199287	0.00479710166744444	MSS	HNSC	
TCGA-BA-A6DA	921	203184	0.00453283723127805	MSS	HNSC	
TCGA-BA-A6DB	1214	248976	0.00487597198123514	MSS	HNSC	
TCGA-BA-A6DD	864	206897	0.0041759909520196	MSS	HNSC	
TCGA-BA-A6DE	758	196777	0.00385207620809343	MSS	HNSC	
TCGA-BA-A6DF	1002	225981	0.00443400108858709	MSS	HNSC	
TCGA-BA-A6DG	1087	230119	0.0047236429847166	MSS	HNSC	
TCGA-BA-A6DI	871	226352	0.00384798897292712	MSS	HNSC	
TCGA-BA-A6DJ	1027	241019	0.00426107485301989	MSS	HNSC	
TCGA-BA-A6DL	787	220802	0.00356427930906423	MSS	HNSC	
TCGA-BB-4217	907	196596	0.00461352214694093	MSS	HNSC	
TCGA-BB-4223	986	288490	0.00341779611078374	MSS	HNSC	
TCGA-BB-4224	897	274649	0.00326598676856642	MSS	HNSC	
TCGA-BB-4225	713	248782	0.00286596297159762	MSS	HNSC	
TCGA-BB-4227	951	223100	0.00426266248319139	MSS	HNSC	
TCGA-BB-4228	1016	275863	0.00368298756991695	MSS	HNSC	
TCGA-BB-7870	629	202381	0.00310799926870605	MSS	HNSC	
TCGA-BB-8596	614	192678	0.00318666376026324	MSS	HNSC	
TCGA-BB-8601	605	181911	0.00332580217798814	MSS	HNSC	
TCGA-BB-A5HU	863	211429	0.00408174848294226	MSS	HNSC	
TCGA-BB-A5HY	1007	224115	0.00449322892265132	MSS	HNSC	
TCGA-BB-A5HZ	988	226291	0.00436605963118286	MSS	HNSC	
TCGA-BB-A6UM	1188	236751	0.00501793023049533	MSS	HNSC	
TCGA-BB-A6UO	1415	251359	0.00562939858926874	MSS	HNSC	
TCGA-C9-A47Z	673	178354	0.00377339448512509	MSS	HNSC	
TCGA-C9-A480	542	175352	0.0030909256809161	MSS	HNSC	
TCGA-CN-4723	1071	280135	0.00382315669230907	MSS	HNSC	
TCGA-CN-4725	1008	281392	0.00358219139136862	MSS	HNSC	
TCGA-CN-4726	1169	288235	0.00405571842420247	MSS	HNSC	
TCGA-CN-4727	1101	282199	0.0039015021314746	MSS	HNSC	
TCGA-CN-4728	1111	288056	0.003856888938262	MSS	HNSC	
TCGA-CN-4729	1069	277109	0.00385768776907282	MSS	HNSC	
TCGA-CN-4730	1120	283306	0.00395332255582303	MSS	HNSC	
TCGA-CN-4731	1043	277020	0.00376507111399899	MSS	HNSC	
TCGA-CN-4733	1022	228114	0.00448021603233471	MSS	HNSC	
TCGA-CN-4734	1087	279337	0.00389135703469286	MSS	HNSC	
TCGA-CN-4735	989	273496	0.00361614063825431	MSS	HNSC	
TCGA-CN-4736	481	228435	0.00210563179898002	MSS	HNSC	
TCGA-CN-4737	1112	285086	0.00390057736963583	MSS	HNSC	
TCGA-CN-4738	1209	273796	0.00441569635787228	MSS	HNSC	
TCGA-CN-4739	1162	283524	0.0040984184760373	MSS	HNSC	
TCGA-CN-4740	1066	278398	0.00382905049605241	MSS	HNSC	
TCGA-CN-4741	1024	275226	0.00372057872439377	MSS	HNSC	
TCGA-CN-4742	1085	264391	0.00410377055194768	MSS	HNSC	
TCGA-CN-5355	1067	281630	0.0037886588786706	MSS	HNSC	
TCGA-CN-5356	823	248052	0.0033178527083031	MSS	HNSC	
TCGA-CN-5358	1137	276051	0.00411880413401871	MSS	HNSC	
TCGA-CN-5359	1046	280319	0.00373146308313029	MSS	HNSC	
TCGA-CN-5360	990	262193	0.00377584451148581	MSS	HNSC	
TCGA-CN-5361	1108	282112	0.00392751814882033	MSS	HNSC	
TCGA-CN-5363	1000	277714	0.00360082674982176	MSS	HNSC	
TCGA-CN-5364	922	261881	0.00352068305833566	MSS	HNSC	
TCGA-CN-5365	809	249233	0.00324595860098783	MSS	HNSC	
TCGA-CN-5366	1053	279156	0.00377208442591239	MSS	HNSC	
TCGA-CN-5367	929	253506	0.00366460754380567	MSS	HNSC	
TCGA-CN-5369	2773	249723	0.0111043035683537	MSI-H	HNSC	
TCGA-CN-5370	719	215661	0.00333393613124302	MSS	HNSC	
TCGA-CN-5373	1100	285111	0.00385814647628468	MSS	HNSC	
TCGA-CN-5374	1101	290636	0.00378824371378632	MSS	HNSC	
TCGA-CN-6010	681	164848	0.00413107832670096	MSS	HNSC	
TCGA-CN-6011	590	188363	0.00313224996416494	MSS	HNSC	
TCGA-CN-6012	692	206249	0.00335516778263167	MSS	HNSC	
TCGA-CN-6013	589	192461	0.00306036028078416	MSS	HNSC	
TCGA-CN-6016	532	190847	0.00278757329169439	MSS	HNSC	
TCGA-CN-6017	606	191835	0.00315896473531941	MSS	HNSC	
TCGA-CN-6018	570	187008	0.00304799794661191	MSS	HNSC	
TCGA-CN-6019	593	196392	0.00301947126155852	MSS	HNSC	
TCGA-CN-6020	630	199828	0.0031527113317453	MSS	HNSC	
TCGA-CN-6021	551	187548	0.00293791456053917	MSS	HNSC	
TCGA-CN-6022	676	213321	0.00316893320395085	MSS	HNSC	
TCGA-CN-6023	527	186156	0.00283095898063989	MSS	HNSC	
TCGA-CN-6024	539	188775	0.00285525096013773	MSS	HNSC	
TCGA-CN-6988	726	197840	0.0036696320258795	MSS	HNSC	
TCGA-CN-6989	801	215335	0.00371978545057701	MSS	HNSC	
TCGA-CN-6992	745	195786	0.00380517503805175	MSS	HNSC	
TCGA-CN-6994	700	191815	0.0036493496337617	MSS	HNSC	
TCGA-CN-6995	722	204337	0.00353337868325364	MSS	HNSC	
TCGA-CN-6996	739	198537	0.00372222809854083	MSS	HNSC	
TCGA-CN-6997	721	199689	0.00361061450555614	MSS	HNSC	
TCGA-CN-6998	742	210293	0.00352841036078234	MSS	HNSC	
TCGA-CN-A497	603	147674	0.00408331866137573	MSS	HNSC	
TCGA-CN-A498	498	159798	0.00311643449855443	MSS	HNSC	
TCGA-CN-A499	542	169148	0.00320429446401968	MSS	HNSC	
TCGA-CN-A49A	618	171500	0.00360349854227405	MSS	HNSC	
TCGA-CN-A49B	881	209127	0.0042127511033965	MSS	HNSC	
TCGA-CN-A49C	911	220558	0.00413043281132401	MSS	HNSC	
TCGA-CN-A63T	792	206778	0.003830194701564	MSS	HNSC	
TCGA-CN-A63U	960	227815	0.00421394552597502	MSS	HNSC	
TCGA-CN-A63V	916	224750	0.00407563959955506	MSS	HNSC	
TCGA-CN-A63W	880	183764	0.00478875078905553	MSS	HNSC	
TCGA-CN-A63Y	934	229388	0.00407170383803861	MSS	HNSC	
TCGA-CN-A640	798	219349	0.00363803801248239	MSS	HNSC	
TCGA-CN-A641	926	223110	0.00415041907579221	MSS	HNSC	
TCGA-CN-A642	856	227626	0.00376055459393918	MSS	HNSC	
TCGA-CN-A6UY	1362	253474	0.00537333217608118	MSS	HNSC	
TCGA-CN-A6V1	1309	250181	0.00523221187859989	MSS	HNSC	
TCGA-CN-A6V3	1563	269155	0.00580706284482919	MSS	HNSC	
TCGA-CN-A6V6	1236	247453	0.0049948879181097	MSS	HNSC	
TCGA-CN-A6V7	1249	243507	0.00512921599789739	MSS	HNSC	
TCGA-CQ-5323	638	197808	0.00322534983418264	MSS	HNSC	
TCGA-CQ-5324	537	187743	0.00286029306019399	MSS	HNSC	
TCGA-CQ-5325	668	203822	0.00327736946943902	MSS	HNSC	
TCGA-CQ-5326	1082	238141	0.00454352673416169	MSS	HNSC	
TCGA-CQ-5327	604	201347	0.00299979637143836	MSS	HNSC	
TCGA-CQ-5329	487	186860	0.0026062292625495	MSS	HNSC	
TCGA-CQ-5330	577	192611	0.00299567522104137	MSS	HNSC	
TCGA-CQ-5331	934	226713	0.00411974611072148	MSS	HNSC	
TCGA-CQ-5332	1018	204313	0.00498255128161204	MSS	HNSC	
TCGA-CQ-5333	606	187087	0.00323913473410766	MSS	HNSC	
TCGA-CQ-5334	518	187170	0.00276753753272426	MSS	HNSC	
TCGA-CQ-6218	731	202036	0.00361816705933596	MSS	HNSC	
TCGA-CQ-6219	739	205338	0.00359894417984007	MSS	HNSC	
TCGA-CQ-6220	732	211360	0.00346328538985617	MSS	HNSC	
TCGA-CQ-6221	675	188343	0.00358388684474602	MSS	HNSC	
TCGA-CQ-6222	817	204133	0.0040022926229468	MSS	HNSC	
TCGA-CQ-6223	734	196968	0.00372649364363755	MSS	HNSC	
TCGA-CQ-6224	672	194758	0.00345043592561024	MSS	HNSC	
TCGA-CQ-6225	692	190627	0.00363012584785996	MSS	HNSC	
TCGA-CQ-6227	779	198212	0.0039301354105705	MSS	HNSC	
TCGA-CQ-6228	774	195024	0.00396874230863894	MSS	HNSC	
TCGA-CQ-6229	793	208574	0.0038020079204503	MSS	HNSC	
TCGA-CQ-7063	908	223828	0.00405668638418786	MSS	HNSC	
TCGA-CQ-7064	816	213701	0.00381841919317177	MSS	HNSC	
TCGA-CQ-7065	571	174478	0.00327261889751143	MSS	HNSC	
TCGA-CQ-7068	718	186178	0.00385652440137933	MSS	HNSC	
TCGA-CQ-7069	989	229495	0.00430946207978387	MSS	HNSC	
TCGA-CQ-7071	902	220197	0.00409633192096168	MSS	HNSC	
TCGA-CQ-7072	791	209655	0.00377286494479025	MSS	HNSC	
TCGA-CQ-A4C6	659	182153	0.0036178377517801	MSS	HNSC	
TCGA-CQ-A4C7	702	187293	0.0037481379442905	MSS	HNSC	
TCGA-CQ-A4C9	790	190960	0.00413699204021785	MSS	HNSC	
TCGA-CQ-A4CA	800	209341	0.00382151609097119	MSS	HNSC	
TCGA-CQ-A4CB	789	192290	0.00410317749232929	MSS	HNSC	
TCGA-CQ-A4CD	745	190498	0.00391080221314659	MSS	HNSC	
TCGA-CQ-A4CE	887	214247	0.00414008130802298	MSS	HNSC	
TCGA-CQ-A4CG	1440	270293	0.00532755195288076	MSS	HNSC	
TCGA-CQ-A4CH	1158	250061	0.00463087006770348	MSS	HNSC	
TCGA-CQ-A4CI	1337	254285	0.00525787993786499	MSS	HNSC	
TCGA-CR-5243	773	241308	0.00320337493991082	MSS	HNSC	
TCGA-CR-5247	754	212168	0.00355378756457147	MSS	HNSC	
TCGA-CR-5248	1108	211081	0.00524916975000118	MSS	HNSC	
TCGA-CR-5249	1110	274513	0.00404352435039506	MSS	HNSC	
TCGA-CR-5250	876	225665	0.00388186027961802	MSS	HNSC	
TCGA-CR-6467	953	216218	0.00440758863739374	MSS	HNSC	
TCGA-CR-6470	934	220902	0.00422811925650288	MSS	HNSC	
TCGA-CR-6471	823	189147	0.00435111315537651	MSS	HNSC	
TCGA-CR-6472	860	211953	0.00405750331441404	MSS	HNSC	
TCGA-CR-6473	943	204558	0.00460993947926749	MSS	HNSC	
TCGA-CR-6474	894	217425	0.0041117626767851	MSS	HNSC	
TCGA-CR-6477	954	219800	0.00434030937215651	MSS	HNSC	
TCGA-CR-6478	957	213349	0.00448560808815603	MSS	HNSC	
TCGA-CR-6480	914	208644	0.0043806675485516	MSS	HNSC	
TCGA-CR-6481	1055	222804	0.00473510349903951	MSS	HNSC	
TCGA-CR-6482	894	212418	0.00420868287998192	MSS	HNSC	
TCGA-CR-6484	996	217941	0.0045700441862706	MSS	HNSC	
TCGA-CR-6487	1124	222915	0.00504228068994908	MSS	HNSC	
TCGA-CR-6488	583	175807	0.00331613644507898	MSS	HNSC	
TCGA-CR-6491	1015	221300	0.00458653411658382	MSS	HNSC	
TCGA-CR-6492	523	174976	0.00298898134601317	MSS	HNSC	
TCGA-CR-6493	1053	235807	0.00446551629086499	MSS	HNSC	
TCGA-CR-7364	934	223316	0.0041824141575167	MSS	HNSC	
TCGA-CR-7365	893	225551	0.0039591932644945	MSS	HNSC	
TCGA-CR-7367	838	220163	0.00380627080844647	MSS	HNSC	
TCGA-CR-7368	730	209051	0.00349197085878566	MSS	HNSC	
TCGA-CR-7369	922	234713	0.00392820167608952	MSS	HNSC	
TCGA-CR-7370	676	211224	0.00320039389463319	MSS	HNSC	
TCGA-CR-7371	747	206403	0.00361913344282787	MSS	HNSC	
TCGA-CR-7372	688	206660	0.00332913964966612	MSS	HNSC	
TCGA-CR-7373	858	228282	0.00375850921229006	MSS	HNSC	
TCGA-CR-7374	972	246776	0.00393879469640484	MSS	HNSC	
TCGA-CR-7376	814	221287	0.00367848088681215	MSS	HNSC	
TCGA-CR-7377	1025	236873	0.00432721331684067	MSS	HNSC	
TCGA-CR-7379	915	224861	0.0040691805159632	MSS	HNSC	
TCGA-CR-7380	825	215579	0.00382690336257242	MSS	HNSC	
TCGA-CR-7382	789	217917	0.00362064455733146	MSS	HNSC	
TCGA-CR-7383	1049	231623	0.00452891120484581	MSS	HNSC	
TCGA-CR-7385	811	215556	0.00376236337657036	MSS	HNSC	
TCGA-CR-7386	828	217744	0.00380263061209494	MSS	HNSC	
TCGA-CR-7388	895	213411	0.00419378569989363	MSS	HNSC	
TCGA-4P-AA8J	864	219410	0.00393783328016043	MSS	HNSC	
TCGA-BA-A8YP	800	203706	0.0039272284566974	MSS	HNSC	
TCGA-CV-5440	609	167593	0.0036338033211411	MSS	HNSC	
TCGA-CV-5441	1134	277799	0.00408208812846699	MSS	HNSC	
TCGA-CV-5442	931	268856	0.00346282024578213	MSS	HNSC	
TCGA-CV-5443	1082	263897	0.00410008450266581	MSS	HNSC	
TCGA-CV-5444	676	237167	0.00285031222724915	MSS	HNSC	
TCGA-CV-5971	495	184230	0.00268685881778212	MSS	HNSC	
TCGA-CV-5973	596	189466	0.00314568313048251	MSS	HNSC	
TCGA-CV-5976	573	188502	0.00303975554636025	MSS	HNSC	
TCGA-CV-5977	513	180032	0.0028494934233914	MSS	HNSC	
TCGA-CV-5978	584	195413	0.00298854221571748	MSS	HNSC	
TCGA-CV-5979	588	186990	0.00314455318466228	MSS	HNSC	
TCGA-CV-6003	832	188084	0.00442355543267902	MSS	HNSC	
TCGA-CV-6436	571	189838	0.00300782772679864	MSS	HNSC	
TCGA-CV-6441	598	187202	0.0031944103161291	MSS	HNSC	
TCGA-QK-A8Z7	991	230668	0.00429621794093676	MSS	HNSC	
TCGA-QK-A8Z8	1017	221982	0.00458145255020677	MSS	HNSC	
TCGA-QK-A8ZA	693	193179	0.00358734645070116	MSS	HNSC	
TCGA-QK-A8ZB	904	215120	0.00420230568984753	MSS	HNSC	
TCGA-QK-AA3J	1055	232507	0.00453749779576529	MSS	HNSC	
TCGA-QK-AA3K	1007	225301	0.00446957625576451	MSS	HNSC	
TCGA-T3-A92N	786	213989	0.00367308599974765	MSS	HNSC	
